Method;Job;AnalyzeLaunchVariance;EvaluateOverhead;MaxAbsoluteError;MaxRelativeError;MinInvokeCount;MinIterationTime;OutlierMode;Affinity;EnvironmentVariables;Jit;LargeAddressAware;Platform;PowerPlanMode;Runtime;AllowVeryLargeObjects;Concurrent;CpuGroups;Force;HeapAffinitizeMask;HeapCount;NoAffinitize;RetainVm;Server;Arguments;BuildConfiguration;Clock;EngineFactory;NuGetReferences;IsMutator;InvocationCount;IterationCount;IterationTime;LaunchCount;MaxIterationCount;MaxWarmupIterationCount;MemoryRandomization;MinIterationCount;MinWarmupIterationCount;RunStrategy;UnrollFactor;WarmupCount;Elements;Mean;Error;StdDev;Ratio;Allocated;Alloc Ratio
Foreach_Compiler;.NET 10.0;False;Default;Default;Default;Default;Default;Default;1111111111111111111111111111111111111111111111111111111111111111;Empty;RyuJit;Default;X64;8c5e7fda-e8bf-4a96-9a85-a6e23a8c635c;.NET 10.0;False;True;False;True;Default;Default;False;False;False;Default;Default;Default;Default;Default;Default;Default;Default;Default;Default;Default;Default;Default;Default;Default;Default;16;Default;4;390.1 ns;1.90 ns;1.48 ns;1.00;0 B;NA
Foreach_Manual;.NET 10.0;False;Default;Default;Default;Default;Default;Default;1111111111111111111111111111111111111111111111111111111111111111;Empty;RyuJit;Default;X64;8c5e7fda-e8bf-4a96-9a85-a6e23a8c635c;.NET 10.0;False;True;False;True;Default;Default;False;False;False;Default;Default;Default;Default;Default;Default;Default;Default;Default;Default;Default;Default;Default;Default;Default;Default;16;Default;4;396.0 ns;3.80 ns;3.56 ns;1.01;0 B;NA
Foreach_CompilerBlocked;.NET 10.0;False;Default;Default;Default;Default;Default;Default;1111111111111111111111111111111111111111111111111111111111111111;Empty;RyuJit;Default;X64;8c5e7fda-e8bf-4a96-9a85-a6e23a8c635c;.NET 10.0;False;True;False;True;Default;Default;False;False;False;Default;Default;Default;Default;Default;Default;Default;Default;Default;Default;Default;Default;Default;Default;Default;Default;16;Default;4;394.2 ns;4.18 ns;3.71 ns;1.01;0 B;NA
Foreach_ManualBlocked;.NET 10.0;False;Default;Default;Default;Default;Default;Default;1111111111111111111111111111111111111111111111111111111111111111;Empty;RyuJit;Default;X64;8c5e7fda-e8bf-4a96-9a85-a6e23a8c635c;.NET 10.0;False;True;False;True;Default;Default;False;False;False;Default;Default;Default;Default;Default;Default;Default;Default;Default;Default;Default;Default;Default;Default;Default;Default;16;Default;4;401.0 ns;2.86 ns;2.68 ns;1.03;0 B;NA
Foreach_Compiler;.NET 8.0;False;Default;Default;Default;Default;Default;Default;1111111111111111111111111111111111111111111111111111111111111111;Empty;RyuJit;Default;X64;8c5e7fda-e8bf-4a96-9a85-a6e23a8c635c;.NET 8.0;False;True;False;True;Default;Default;False;False;False;Default;Default;Default;Default;Default;Default;Default;Default;Default;Default;Default;Default;Default;Default;Default;Default;16;Default;4;360.8 ns;2.30 ns;2.15 ns;0.92;0 B;NA
Foreach_Manual;.NET 8.0;False;Default;Default;Default;Default;Default;Default;1111111111111111111111111111111111111111111111111111111111111111;Empty;RyuJit;Default;X64;8c5e7fda-e8bf-4a96-9a85-a6e23a8c635c;.NET 8.0;False;True;False;True;Default;Default;False;False;False;Default;Default;Default;Default;Default;Default;Default;Default;Default;Default;Default;Default;Default;Default;Default;Default;16;Default;4;398.2 ns;2.49 ns;2.33 ns;1.02;0 B;NA
Foreach_CompilerBlocked;.NET 8.0;False;Default;Default;Default;Default;Default;Default;1111111111111111111111111111111111111111111111111111111111111111;Empty;RyuJit;Default;X64;8c5e7fda-e8bf-4a96-9a85-a6e23a8c635c;.NET 8.0;False;True;False;True;Default;Default;False;False;False;Default;Default;Default;Default;Default;Default;Default;Default;Default;Default;Default;Default;Default;Default;Default;Default;16;Default;4;399.4 ns;1.22 ns;1.08 ns;1.02;0 B;NA
Foreach_ManualBlocked;.NET 8.0;False;Default;Default;Default;Default;Default;Default;1111111111111111111111111111111111111111111111111111111111111111;Empty;RyuJit;Default;X64;8c5e7fda-e8bf-4a96-9a85-a6e23a8c635c;.NET 8.0;False;True;False;True;Default;Default;False;False;False;Default;Default;Default;Default;Default;Default;Default;Default;Default;Default;Default;Default;Default;Default;Default;Default;16;Default;4;397.6 ns;1.55 ns;1.37 ns;1.02;0 B;NA
Foreach_Compiler;.NET 9.0;False;Default;Default;Default;Default;Default;Default;1111111111111111111111111111111111111111111111111111111111111111;Empty;RyuJit;Default;X64;8c5e7fda-e8bf-4a96-9a85-a6e23a8c635c;.NET 9.0;False;True;False;True;Default;Default;False;False;False;Default;Default;Default;Default;Default;Default;Default;Default;Default;Default;Default;Default;Default;Default;Default;Default;16;Default;4;396.0 ns;3.69 ns;3.27 ns;1.02;0 B;NA
Foreach_Manual;.NET 9.0;False;Default;Default;Default;Default;Default;Default;1111111111111111111111111111111111111111111111111111111111111111;Empty;RyuJit;Default;X64;8c5e7fda-e8bf-4a96-9a85-a6e23a8c635c;.NET 9.0;False;True;False;True;Default;Default;False;False;False;Default;Default;Default;Default;Default;Default;Default;Default;Default;Default;Default;Default;Default;Default;Default;Default;16;Default;4;397.5 ns;5.53 ns;5.17 ns;1.02;0 B;NA
Foreach_CompilerBlocked;.NET 9.0;False;Default;Default;Default;Default;Default;Default;1111111111111111111111111111111111111111111111111111111111111111;Empty;RyuJit;Default;X64;8c5e7fda-e8bf-4a96-9a85-a6e23a8c635c;.NET 9.0;False;True;False;True;Default;Default;False;False;False;Default;Default;Default;Default;Default;Default;Default;Default;Default;Default;Default;Default;Default;Default;Default;Default;16;Default;4;399.9 ns;5.86 ns;5.19 ns;1.02;0 B;NA
Foreach_ManualBlocked;.NET 9.0;False;Default;Default;Default;Default;Default;Default;1111111111111111111111111111111111111111111111111111111111111111;Empty;RyuJit;Default;X64;8c5e7fda-e8bf-4a96-9a85-a6e23a8c635c;.NET 9.0;False;True;False;True;Default;Default;False;False;False;Default;Default;Default;Default;Default;Default;Default;Default;Default;Default;Default;Default;Default;Default;Default;Default;16;Default;4;389.9 ns;1.30 ns;1.08 ns;1.00;0 B;NA
Foreach_Compiler;.NET 10.0;False;Default;Default;Default;Default;Default;Default;1111111111111111111111111111111111111111111111111111111111111111;Empty;RyuJit;Default;X64;8c5e7fda-e8bf-4a96-9a85-a6e23a8c635c;.NET 10.0;False;True;False;True;Default;Default;False;False;False;Default;Default;Default;Default;Default;Default;Default;Default;Default;Default;Default;Default;Default;Default;Default;Default;16;Default;16;788.6 ns;3.34 ns;3.12 ns;1.00;0 B;NA
Foreach_Manual;.NET 10.0;False;Default;Default;Default;Default;Default;Default;1111111111111111111111111111111111111111111111111111111111111111;Empty;RyuJit;Default;X64;8c5e7fda-e8bf-4a96-9a85-a6e23a8c635c;.NET 10.0;False;True;False;True;Default;Default;False;False;False;Default;Default;Default;Default;Default;Default;Default;Default;Default;Default;Default;Default;Default;Default;Default;Default;16;Default;16;792.7 ns;6.50 ns;6.08 ns;1.01;0 B;NA
Foreach_CompilerBlocked;.NET 10.0;False;Default;Default;Default;Default;Default;Default;1111111111111111111111111111111111111111111111111111111111111111;Empty;RyuJit;Default;X64;8c5e7fda-e8bf-4a96-9a85-a6e23a8c635c;.NET 10.0;False;True;False;True;Default;Default;False;False;False;Default;Default;Default;Default;Default;Default;Default;Default;Default;Default;Default;Default;Default;Default;Default;Default;16;Default;16;795.5 ns;3.95 ns;3.70 ns;1.01;0 B;NA
Foreach_ManualBlocked;.NET 10.0;False;Default;Default;Default;Default;Default;Default;1111111111111111111111111111111111111111111111111111111111111111;Empty;RyuJit;Default;X64;8c5e7fda-e8bf-4a96-9a85-a6e23a8c635c;.NET 10.0;False;True;False;True;Default;Default;False;False;False;Default;Default;Default;Default;Default;Default;Default;Default;Default;Default;Default;Default;Default;Default;Default;Default;16;Default;16;799.8 ns;4.07 ns;3.81 ns;1.01;0 B;NA
Foreach_Compiler;.NET 8.0;False;Default;Default;Default;Default;Default;Default;1111111111111111111111111111111111111111111111111111111111111111;Empty;RyuJit;Default;X64;8c5e7fda-e8bf-4a96-9a85-a6e23a8c635c;.NET 8.0;False;True;False;True;Default;Default;False;False;False;Default;Default;Default;Default;Default;Default;Default;Default;Default;Default;Default;Default;Default;Default;Default;Default;16;Default;16;849.2 ns;4.53 ns;4.24 ns;1.08;0 B;NA
Foreach_Manual;.NET 8.0;False;Default;Default;Default;Default;Default;Default;1111111111111111111111111111111111111111111111111111111111111111;Empty;RyuJit;Default;X64;8c5e7fda-e8bf-4a96-9a85-a6e23a8c635c;.NET 8.0;False;True;False;True;Default;Default;False;False;False;Default;Default;Default;Default;Default;Default;Default;Default;Default;Default;Default;Default;Default;Default;Default;Default;16;Default;16;915.6 ns;4.15 ns;3.68 ns;1.16;0 B;NA
Foreach_CompilerBlocked;.NET 8.0;False;Default;Default;Default;Default;Default;Default;1111111111111111111111111111111111111111111111111111111111111111;Empty;RyuJit;Default;X64;8c5e7fda-e8bf-4a96-9a85-a6e23a8c635c;.NET 8.0;False;True;False;True;Default;Default;False;False;False;Default;Default;Default;Default;Default;Default;Default;Default;Default;Default;Default;Default;Default;Default;Default;Default;16;Default;16;921.5 ns;8.90 ns;8.33 ns;1.17;0 B;NA
Foreach_ManualBlocked;.NET 8.0;False;Default;Default;Default;Default;Default;Default;1111111111111111111111111111111111111111111111111111111111111111;Empty;RyuJit;Default;X64;8c5e7fda-e8bf-4a96-9a85-a6e23a8c635c;.NET 8.0;False;True;False;True;Default;Default;False;False;False;Default;Default;Default;Default;Default;Default;Default;Default;Default;Default;Default;Default;Default;Default;Default;Default;16;Default;16;937.7 ns;10.24 ns;9.58 ns;1.19;0 B;NA
Foreach_Compiler;.NET 9.0;False;Default;Default;Default;Default;Default;Default;1111111111111111111111111111111111111111111111111111111111111111;Empty;RyuJit;Default;X64;8c5e7fda-e8bf-4a96-9a85-a6e23a8c635c;.NET 9.0;False;True;False;True;Default;Default;False;False;False;Default;Default;Default;Default;Default;Default;Default;Default;Default;Default;Default;Default;Default;Default;Default;Default;16;Default;16;802.2 ns;5.45 ns;4.83 ns;1.02;0 B;NA
Foreach_Manual;.NET 9.0;False;Default;Default;Default;Default;Default;Default;1111111111111111111111111111111111111111111111111111111111111111;Empty;RyuJit;Default;X64;8c5e7fda-e8bf-4a96-9a85-a6e23a8c635c;.NET 9.0;False;True;False;True;Default;Default;False;False;False;Default;Default;Default;Default;Default;Default;Default;Default;Default;Default;Default;Default;Default;Default;Default;Default;16;Default;16;792.4 ns;6.89 ns;6.11 ns;1.00;0 B;NA
Foreach_CompilerBlocked;.NET 9.0;False;Default;Default;Default;Default;Default;Default;1111111111111111111111111111111111111111111111111111111111111111;Empty;RyuJit;Default;X64;8c5e7fda-e8bf-4a96-9a85-a6e23a8c635c;.NET 9.0;False;True;False;True;Default;Default;False;False;False;Default;Default;Default;Default;Default;Default;Default;Default;Default;Default;Default;Default;Default;Default;Default;Default;16;Default;16;791.0 ns;4.36 ns;3.87 ns;1.00;0 B;NA
Foreach_ManualBlocked;.NET 9.0;False;Default;Default;Default;Default;Default;Default;1111111111111111111111111111111111111111111111111111111111111111;Empty;RyuJit;Default;X64;8c5e7fda-e8bf-4a96-9a85-a6e23a8c635c;.NET 9.0;False;True;False;True;Default;Default;False;False;False;Default;Default;Default;Default;Default;Default;Default;Default;Default;Default;Default;Default;Default;Default;Default;Default;16;Default;16;788.0 ns;3.45 ns;3.23 ns;1.00;0 B;NA
Foreach_Compiler;.NET 10.0;False;Default;Default;Default;Default;Default;Default;1111111111111111111111111111111111111111111111111111111111111111;Empty;RyuJit;Default;X64;8c5e7fda-e8bf-4a96-9a85-a6e23a8c635c;.NET 10.0;False;True;False;True;Default;Default;False;False;False;Default;Default;Default;Default;Default;Default;Default;Default;Default;Default;Default;Default;Default;Default;Default;Default;16;Default;64;"2,964.6 ns";17.72 ns;15.70 ns;1.00;0 B;NA
Foreach_Manual;.NET 10.0;False;Default;Default;Default;Default;Default;Default;1111111111111111111111111111111111111111111111111111111111111111;Empty;RyuJit;Default;X64;8c5e7fda-e8bf-4a96-9a85-a6e23a8c635c;.NET 10.0;False;True;False;True;Default;Default;False;False;False;Default;Default;Default;Default;Default;Default;Default;Default;Default;Default;Default;Default;Default;Default;Default;Default;16;Default;64;"3,079.9 ns";20.29 ns;17.99 ns;1.04;0 B;NA
Foreach_CompilerBlocked;.NET 10.0;False;Default;Default;Default;Default;Default;Default;1111111111111111111111111111111111111111111111111111111111111111;Empty;RyuJit;Default;X64;8c5e7fda-e8bf-4a96-9a85-a6e23a8c635c;.NET 10.0;False;True;False;True;Default;Default;False;False;False;Default;Default;Default;Default;Default;Default;Default;Default;Default;Default;Default;Default;Default;Default;Default;Default;16;Default;64;"2,991.7 ns";17.39 ns;15.42 ns;1.01;0 B;NA
Foreach_ManualBlocked;.NET 10.0;False;Default;Default;Default;Default;Default;Default;1111111111111111111111111111111111111111111111111111111111111111;Empty;RyuJit;Default;X64;8c5e7fda-e8bf-4a96-9a85-a6e23a8c635c;.NET 10.0;False;True;False;True;Default;Default;False;False;False;Default;Default;Default;Default;Default;Default;Default;Default;Default;Default;Default;Default;Default;Default;Default;Default;16;Default;64;"2,955.9 ns";18.99 ns;17.76 ns;1.00;0 B;NA
Foreach_Compiler;.NET 8.0;False;Default;Default;Default;Default;Default;Default;1111111111111111111111111111111111111111111111111111111111111111;Empty;RyuJit;Default;X64;8c5e7fda-e8bf-4a96-9a85-a6e23a8c635c;.NET 8.0;False;True;False;True;Default;Default;False;False;False;Default;Default;Default;Default;Default;Default;Default;Default;Default;Default;Default;Default;Default;Default;Default;Default;16;Default;64;"3,024.9 ns";18.68 ns;17.48 ns;1.02;0 B;NA
Foreach_Manual;.NET 8.0;False;Default;Default;Default;Default;Default;Default;1111111111111111111111111111111111111111111111111111111111111111;Empty;RyuJit;Default;X64;8c5e7fda-e8bf-4a96-9a85-a6e23a8c635c;.NET 8.0;False;True;False;True;Default;Default;False;False;False;Default;Default;Default;Default;Default;Default;Default;Default;Default;Default;Default;Default;Default;Default;Default;Default;16;Default;64;"3,131.4 ns";39.36 ns;36.82 ns;1.06;0 B;NA
Foreach_CompilerBlocked;.NET 8.0;False;Default;Default;Default;Default;Default;Default;1111111111111111111111111111111111111111111111111111111111111111;Empty;RyuJit;Default;X64;8c5e7fda-e8bf-4a96-9a85-a6e23a8c635c;.NET 8.0;False;True;False;True;Default;Default;False;False;False;Default;Default;Default;Default;Default;Default;Default;Default;Default;Default;Default;Default;Default;Default;Default;Default;16;Default;64;"3,131.4 ns";21.03 ns;18.64 ns;1.06;0 B;NA
Foreach_ManualBlocked;.NET 8.0;False;Default;Default;Default;Default;Default;Default;1111111111111111111111111111111111111111111111111111111111111111;Empty;RyuJit;Default;X64;8c5e7fda-e8bf-4a96-9a85-a6e23a8c635c;.NET 8.0;False;True;False;True;Default;Default;False;False;False;Default;Default;Default;Default;Default;Default;Default;Default;Default;Default;Default;Default;Default;Default;Default;Default;16;Default;64;"3,122.8 ns";11.25 ns;9.39 ns;1.05;0 B;NA
Foreach_Compiler;.NET 9.0;False;Default;Default;Default;Default;Default;Default;1111111111111111111111111111111111111111111111111111111111111111;Empty;RyuJit;Default;X64;8c5e7fda-e8bf-4a96-9a85-a6e23a8c635c;.NET 9.0;False;True;False;True;Default;Default;False;False;False;Default;Default;Default;Default;Default;Default;Default;Default;Default;Default;Default;Default;Default;Default;Default;Default;16;Default;64;"3,011.2 ns";27.32 ns;25.56 ns;1.02;0 B;NA
Foreach_Manual;.NET 9.0;False;Default;Default;Default;Default;Default;Default;1111111111111111111111111111111111111111111111111111111111111111;Empty;RyuJit;Default;X64;8c5e7fda-e8bf-4a96-9a85-a6e23a8c635c;.NET 9.0;False;True;False;True;Default;Default;False;False;False;Default;Default;Default;Default;Default;Default;Default;Default;Default;Default;Default;Default;Default;Default;Default;Default;16;Default;64;"2,944.0 ns";13.09 ns;10.93 ns;0.99;0 B;NA
Foreach_CompilerBlocked;.NET 9.0;False;Default;Default;Default;Default;Default;Default;1111111111111111111111111111111111111111111111111111111111111111;Empty;RyuJit;Default;X64;8c5e7fda-e8bf-4a96-9a85-a6e23a8c635c;.NET 9.0;False;True;False;True;Default;Default;False;False;False;Default;Default;Default;Default;Default;Default;Default;Default;Default;Default;Default;Default;Default;Default;Default;Default;16;Default;64;"2,947.4 ns";11.81 ns;9.86 ns;0.99;0 B;NA
Foreach_ManualBlocked;.NET 9.0;False;Default;Default;Default;Default;Default;Default;1111111111111111111111111111111111111111111111111111111111111111;Empty;RyuJit;Default;X64;8c5e7fda-e8bf-4a96-9a85-a6e23a8c635c;.NET 9.0;False;True;False;True;Default;Default;False;False;False;Default;Default;Default;Default;Default;Default;Default;Default;Default;Default;Default;Default;Default;Default;Default;Default;16;Default;64;"2,957.7 ns";21.18 ns;19.81 ns;1.00;0 B;NA
